user,uid
AmZaf,25975
Reno Editor,1282393
gMitchellD,398919
NE2,207745
woodpeck_repair,145231
woodpeck_fixbot,147510
maxerickson,360392
andrewpmk,1679
alimamo,7213
n7xsd,50005
nm7s9,12434
TheDutchMan13,1330847
beweta,152074
ReinerMeyer,111529
xsintrik,196098
SimMoonXP,3392
MojaveNC,63936
AM909,82317
Dami_Tn,2012449
ryandrake,1214881
amillar,28145
ocotillo,78871
e1l52,86654
oldtopos,169004
cowdog,3125856
autonomy,602100
qwerty10,33321
bal_agates,374193
Dr Kludge,292665
Chris Bell in California,194231
Sundance,239998
nateirwin,74228
California Bear,28923
rolandg,8703
pratikyadav,2905914
timmmichaud,4213591
zephyr,121241
esuor,594525
CueVii,5015145
dysteleologist,17427
es715,2079050
Maarten Deen,9176
optimalnode,2302485
mvexel,8909
abellao,496923
OSMF Redaction Account,722137
KristenK,1494110
Tom_Holland,574654
Bernhard W,110838
ToeBee,262151
bigwebguy,635896
Speight,24452
Werner L,41927
michael colvin,1329572
paulmach,91499
hfyu,200922
lokejul,2034065
PikeCharro,661704
KaityVoivre,4766417
Timothy Smith,115918
fredjunod,84054
mattmaxon,96974
StellanL,28775
bigal945,2294834
Luis36995,1829683
ridixcr,2508151
pflier,3637514
KindredCoda,14293
maximeguillaud,161798
Bryce C Nesbitt,355242
Howpper,1240864
Toliman,204045
karitotp,2748195
samely,2512300
JeffM8,597941
gormur,103253
the Sandinator,950776
Philatsea,445933
jonesydesign,1802220
Andre68,31231
dannykath,2226712
andygol,94578
DrHog,328268
Notofsoundmind,209805
compdude,282329
hofoen,52797
fx99,130472
Rick69,1220849
emorye,757237
ETO Buff,278489
noliver,91568
LXT,771165
David & Christine Schmitt,26818
NE3,473471
Gerlingen94,546213
Sven L,105255
Blargh2015,1952662
gcjunge,775666
steverumizen,2655992
stevea,123633
ediyes,1240849
cepesko,577936
matx17,602634
roadgeek99,1442206
Jothirnadh,2015224
dr ingrid,1901542
Ethan O'Connor,46220
Brandon Reavis,2530185
Mark Granger,143599
nikhilprabhakar,2835928
Glen,6513
shanderson,662576
bye12,3773619
CalliBrown,46166
PHerison,28378
hopfavogl,105454
Erik Burrows,191585
Paul Johnson,92286
pringle,472067
abel801,2377377
houston_mapper1,2925215
Rick Rodriguez,2089736
Brian@Brea,416346
Soldier Boy,289334
JacobT13,1712104
rw__,19492
Airlobster,3913914
lbacud,643201
Brenden,27736
Hwyhero69,5812109
RoadGeek_MD99,475877
Cato_d_Ae,1679807
roadup,82615
Gryphius,297374
Thomas8122,86504
anjini,693345
OPerivar,51324
erjiang,701297
Chetan_Gowda,2644101
rkachelriess,413047
babas56,870195
Christine_E,1707766
Bhojaraj,4647004
bahnpirat,13203
stucki1,10786
Roadrunner21,330773
yurasi,3526564
hno2,310589
midnightcomm,10344
bdiscoe,402624
rando67,466374
Iowa Kid,703517
Walter Schlögl,78656
Ahlzen,81285
srividya_c,2115749
Evanator,451067
TheArguer,275335
RichRico,2219338
Rub21,510836
MikeN,135163
Eric Godwin,575547
TonyMa,837066
stvltvs,306274
howdystranger,1839337
summerlin,914766
geopgeop,48679
alexanderW,462898
chewey,1208453
robgeb,336460
Phil Scherer,1087647
sandhill,1694880
calfarome,2511706
ManAboutCouch,51337
25or6to4,37392
thevirginian,2441939
jharpster,250487
kmo87,1916392
dima,50743
NoelB,236361
Eric Fischer,3158
Dusty,305115
CletusC,3083046
Constable,527535
natebot13,1905810
adamos,25867
gabis_telenav,2929338
iuliah_telenav,5074211
njaard,173918
DanHomerick,160138
LZ1,322287
andzan75,1850423
har777,2497300
FvGordon,161619
hobbesvsboyle,4697
salix01,76002
Unusual User Name,103574
matthieun,595221
tomthepom,183021
Zartbitter,40397
PlaneMad,1306
osm-sputnik,167417
vega33vazquez,1981931
William Gabriel,3794668
ajashton,135329
ernestoc33,427991
saikofish,236172
Maskulinum,618377
EmlynSquare,158204
klusark,134600
bondah,2049113
werner2101,110263
sebastic,665748
HCWT,392101
user_5359,5359
akmofo,196163
Margori123,1430450
piligab,3877019
Waldir,5177
Jozzy,35112
Seandebasti,550560
mgoe,379381
Christoph Lotz,47978
mahahahaneapneap,28399
carciofo,2533093
arm,443258
ruthmaben,2554698
Arlas,354343
Stephen214,4018842
Trex2001,384894
shravan91,1051550
Matthew Runo,752011
richlv,47892
VMukhtarov,1403907
krimin_killr21,1883376
CommandP,3499434
Tronikon,123364
kay_D,57158
AlaskaDave,473104
Matt1993,1891499
RyanK,125455
grouchyoldman,341907
skquinn,243003
iusoccer13,1650228
techlady,104962
LVAmish,644625
streele,423438
claysmalley,119881
maphnsj,1959254
Peter14,13832
DennisL,32952
Ropino,42123
corpAlerta2,1787059
jumbanho,38487
escada,436365
jinalfoflia,2847988
zoharby,3182147
Elinorzag,6186031
aaront,302009
jacobbraeutigam,1260280
Supercarwaar,689386
KaiRo,17047
Christian Robertson,5007619
wmann,128017
EdSS,1824494
ColtonMorano,2458241
Tony42187,3015679
Chris Lawrence,36121
SP!KE,521684
airlifter,164989
uboot,26299
Young Cloud,2460991
Hedaja,339917
ingalls,305985
Wiskey,6117010
maurice2010,245137
mapper999,165061
calebleemcd,484355
Supaplex,274857
Syntaxial,2557974
toralf,18483
alecdhuse,214103
mike140,2471547
POiNTx,2100747
erwin6330,479400
Charles_Smothers,160148
jgruca,2252860
saskiaalexandra,673242
j3d,680121
Spanholz,2209894
frankthetankk,2005182
cwarnold,138839
FIM,398883
dchiles,153669
Rudolf Mayer,1249205
kjon,44217
JaLooNz,741163
Jorge SMM,28803
mdk,178186
Sidizen,2323327
RussNelson,3962
MaggieBrown,2376066
Las Vegas Guy,2043636
JaggedMind,587790
Carl Simonson,54759
marczoutendijk,606555
MacGyverfan2617,6051353
ADSaaron,5208227
pankdm,329833
mjulius,7412
PaulLiu,62603
jfire,67236
davidearl,3582
Mirko,118242
sadam,7591
vreimer,104315
don-vip,297482
jboz1,1183113
RicoZ,638183
Yoshinion,3151684
dcs,236412
s3_,5485239
Mitchell Thomas,590362
meridianeum,148776
Gerlingen,447277
earthtirol,16620
Bored,85673
Sam  Richards,20783
petersfreeman,143129
cmif4,1072240
Andy Allan,4115
riad,10475
jfuredy,32890
BiIbo,3516
desertlabrat,209486
Phil Shipley,44659
cronoser,461005
SteveC,682
42429,42429
Dilys,2475974
Geogast,51045
sladen,12671
dbwiddis,4121152
kriscarle,1323363
mattchn,1778953
jaellis,175655
green525,64433
JadDuro,5666050
T99,243490
Thomas Hills,2428487
Melaskia,120613
Trackmaster81,816084
fcrump,97369
theangrytomato,730573
Hjart,207581
R0bst3r,1783785
Ying-Chun Liu (PaulLiu),242055
AceMcCrank,5184528
coleman,93788
hirokarate,1873012
prathy07,3591018
BugBuster,166129
Keever Paul,4719263
animebirder,3343450
czshredd,85306
dsk1,2349071
Olyon,1443767
GoWestTravel,3478684
andrewjstringer,8886
Grillo,13957
aarthy,2985232
LivingFood,2851555
Luiyo,316694
bigboss,365279
hdmi_di,5079450
Imp_GL,2268702
ianlopez1115,44938
lonvia,26726
Carmen Sandiego,111707
JohnSmith,74617
SteveMills,99365
Harry Wood,1611
HolgerJeromin,67862
mapper0597,79116
ecatmur,352985
DialH,36038
iandees,4732
HenningS,343052
Arameus,5627228
nmixter,55774
tabiko,1826787
mappy123,15398
tonyghita,1827457
J_W,324047
colindt,2406578
xexarlara,6223980
LameSaint,1852458
wheelmap_visitor,290680
Skywave,10927
gam3,101857
user_599436,599436
Sendhil,37645
Lenka,321328
neilbenny,3146843
noblevegas,5881912
Anthony Ross,2084942
dirkmunson,92150
2bre99,3132250
Aleks-Berlin,85218
TIGERcnl,120146
RetiredInNH,232126
Helmchen42,1817244
riskfee,5308346
Ricardo_M,2201109
Jens Remus,125318
zuehli,1468382
Matt,70
patelbhavesh,39404
christof,22773
nadgerz,179976
AwkwardMoment,1065954
fotoman607,196244
h4ck3rm1k3,131059
PeterEastern,4951
Kyle,155795
mapserver,54626
dan3831,356178
domob,521541
uberfine,5367702
Sandy Armstrong,296457
eyt,317156
JimBinLV,317481
GeoTomDe,278150
b1bart,318233
TorhamZed,1007528
UtRub,3587234
rab,36894
FahRadler,344561
derden,29055
Ratpick,60612
Teuxe,130277
brlr2000,3393227
Lambertus,6424
korky99_04,188805
kweejee,26601
Embassy Suites by Hilton Convention Center Las Vegas,3377236
xybot,70696
mash84121,1501508
OldTome,574563
BeKri,14390
jungholee90,662101
bufordt,2818925
Lesli3,2046555
anttiklemm,53848
kn2m,1696699
michalg0x5a,11547
Crissy15,5722481
malenki,39504
????,4090122
Piebas,3804751
Theodin,1219875
samuelestabrook,633750
maggot27,118021
PR4LFE,445755
??????,3885962
Megan Hatala,450150
chdr,165869
inkedpinoy,5255951
bikeboerny,30663
BenoitMenez,4518035
SamatJain,227924
woodence,492980
Jon Hanson,36097
Milhouse841,1716916
gadget,36737
kenny150r,512767
suntri,24727
street0501,1352904
Geo_MA,2703224
tommarlo,2144064
DannyHamilton,1898970
pnilan,1868909
patohco,5115563
jpx_,108775
Hundehalter,580469
Christian70,141082
Sandy Cycler,1155393
Kara Stokes,552483
huldsfred,337806
AMY-jin,838709
geochrome,663559
oini,3057995
BoT,500034
ggraysonlv,2175872
Art Cowles,2893288
kugelfiesch,240041
Sanderd17,253266
yoltia,167781
IbnT?šf?n,4260390
BattleBorn,583709
scai,118134
ramyaragupathy,2823295
JDaniels,604646
mark29,338022
youngbasedallah,2412184
Deaf007,2729711
Dylan Simpson,613013
Autarch,4553
dmannstuff,625272
rumpelsocke,645457
Mark Gray,28852
SLussier,1841996
domod,875781
Alexhats,3232835
BCNorwich,322785
JasonWoof,23351
Omnific,1408522
cdavila,26599
Eveofwar,1860615
Henry702,644252
pluton_od,2411240
Scott07,372345
Cyborean,655995
jsilver0,661445
Ivobasilio,3945982
Cassio90,504834
exadeci,565330
jotzt,105839
Math1985,39688
Aaron Lidman,53073
thetravelingmapper,5014702
Daehyun Kim,5513803
Carl J Pankowski,1881466
sbook,345833
snmca,6187215
BolderMapper,2110272
Elder Woodard,830543
Binary Alchemy,129255
NickBolten,2773196
RM87,288333
hazmat696969,687159
SomeoneElse_Revert,1778799
afdreher,1110270
becw,583870
zehpunktbarron,352368
invliD,174995
4b696d,1420318
socialapp4u,938203
Markus59,39457
Manu1400,181135
adjuva,92274
Hawkeye,50118
WernerP,315015
OpenBrian,791438
sh4ring4n,371182
geowas,167009
srthurman,1877307
Devin Samarin,119818
cgu66,152289
kerosin,42619
curdio,1073818
maxolasersquad,55916
NayanataraM,2053369
gremillard,869104
DLichti,161951
tkmedia,183737
gerhard81,124815
Dinsin,1195282
ATB,73822
niten,48879
ridler77,2334461
bryceco,624323
Jgre,1219839
Chris Parker,51722
phsampaio,3496888
steven12321,2045450
Buraddo,2287200
leuty,130065
jorge_o,203688
Dewayne Burns,1246856
Jean Bully,656864
MapWes,362107
wambacher,201359
mihaii_telenav,2944689
heaemployment,1273708
JB82,558778
Latze,2318
Jeremy E,1657802
Cam4rd98,1132286
RJCorazza,527355
azlen,608439
knutella,1346236
teste18,24551
rhansen81,1429539
lukasmartinelli,3133772
Cart of Graphs,1163952
Fishermr,1462211
barte,37067
Edwardous,1140407
eprowe,2665808
dave lawrence,1501383
Scottku,555592
fsequence,2104340
bhousel,584325
Janjko,244754
Gessler,1633223
Fortune Hotel & Suites,1647828
ChrisZontine,1376118
the3mantiger,1692143
sloowdown,1601933
THIRRY,1709189
fossosm,3686832
RTC BIke Guy,822356
DrPancholi,1713159
USAMAP85,1651059
probiscus,256900
Heyheyitshay,1680091
mojodna,113624
nauzadt,1729265
Peter Dobratz,81676
Tuxavant,1778684
Alicehrh,1740968
ruph,88337
TomHynes,996997
hdwifitech,1762475
randoogle,245874
U20,1687166
ypid,1486839
Waldseemüller,547320
oldenburg69,1651798
Stemby,28559
LIVEPUREdotCOM,1814317
gorn,10353
Sprayable Energy,1827284
Andrew Webb,1833008
baloona,4615898
SatoshiCabLV,1836368
Nathan Clayton,3069191
eric22,160949
LisaA2Z,1867714
Josef73,213831
scotlande,1707676
chasu,35243
Infinite Wholesale,1874594
MojaveCactusMonkey,2302988
jchadwell,1888798
DoubleA,1198074
herbstman,625474
skorasaurus,205523
Gutsycat,520239
228bail,1915075
mike702,1916848
Jonathan ZHAO,837425
irasesu,711265
pollardld,1393741
Open21,1952985
slappyjack,1954248
Ftigr,3782689
skydive74,1959967
bjtree,1964210
pzawarus,1968074
John Van Zandt,1964404
DrStile,1983121
White_Rabbit,604999
EdHillsman,103107
Rps333,596047
Syl,224440
Manzanita,1998007
picou mana,2559158
Xkeeper,2007056
potterbaum,2010783
geschna,37309
SUKHJIT SINGH SEHRA,505965
lurlrlrl,534149
Blobo123,1836471
MichaelDiener,2039462
Charles Murray,1005916
jenniffer1,2059566
Affordable RV,2060085
okilimu,212111
xczoom,2100025
kisaa,68982
seattlefyi,692614
wha55,2128981
egore911,8764
kbomby,1828630
ewedistrict,8609
cov,111209
themadpanda,5200502
GISNV,2253841
asdf1234,522978
Matt Carus,2218698
Malmis,43667
jimmytm,2328469
Brainik,346456
Leontello,2366145
vorpalblade77,2078753
AmateurCartographer,1450017
RoseCoco,2386949
grimma,676365
melba2015,2431882
mhenson,121264
Joschi518,2129127
atakuzier,696953
thetornado76,1624486
pmakevin,2087539
Richard,165
dhottinger,2508177
kr4z33,604586
reunify_aarti,2527838
mmsscooters,2535887
xaric,2539713
ArizonaMapper,218114
dkunce,1443840
Jack J Jia,2555308
jpklv,2582121
spietsnaz,2152895
Marvelless Mark,2699400
annieatthefirm,2611332
David Egloff,4561922
hanno,5982
msevilla00,240498
Viajero Perdido,2365330
cacodaemonia,2737536
ryanjhodge,2749739
bbmiller,451048
superfly15000,2748691
Superjoe,2791784
joshuavermillion,1956730
PJO-Insurance-Brokerage,2391395
carob,1968361
Benmachine,2834560
Munchabunch,414318
el_konquistador,2736609
lxbarth,589596
???,4762348
ntslv,1313225
jtran,2924921
Neldo,667073
Matt Ostgard,2981637
Farras,136807
shvrm,2306749
Littlejth,605680
Sarr_Cat,2859402
cracak,3120309
very_modern_me,3151341
Steven Horner,594285
sanchi,170106
chrisbeale,593787
S-zation,5500750
issacJ,3204473
remaxlasvegas,3221593
rchampine,2426892
a6y,2820500
John Keezer,3263143
meowbrarian,3271986
tsae72,140924
arisphinx,1755565
Ronnie Mancol Zafra,4276192
LawrenceO,3374793
Lulau,2616644
Aholo,3915290
hska-1115-21,3422306
AndyGSE,2905139
Bman,2376
TortugaSurfer,3445153
Alex De Castroverde,3481606
haloniko,3501556
Trevies,5461485
willi_rec,1803809
fxguenther,3413821
zaphod_beeblebrox,567719
imkesun,3007448
ScottOSM,2166330
Nikola K,5419835
Pepilepioux,3341187
Stereo_repair,5234603
Mike S,190475
iMarketJohn,3705240
Leonmvd,2400111
PilotX,180781
Peg1987,3878510
Thomas Pitt,3153936
Nerry Maniago Lising,3900239
David Svatos,3921447
Takiguchi Koji,4032283
CloCkWeRX,172061
iMarketSolutions,3692214
Tovi7,328597
Dirk Subtil,4101772
saikabhi,3029661
LNata,4115154
livets123,4158534
Yougetno_bs,4844290
Four Tickets please !,4166476
mueschel,616774
Mikehotel,3943881
katiethomson,3856750
Ruchi Parwe,2931867
Julia Morley,4251107
MacDony,3701940
Fredy Gamez,3537040
BHSPitMonkey,1886770
thetaia,1707430
janeman19,4354873
Benoit Julhan,3939356
Hans Oeij,4383105
Tomek Tuz,4437791
Everyone Does It usa,4462691
trendsettersrealty,4467918
kathleencarnlv,4471145
Jesus Tudela,2461216
???,4538548
driven16,4539093
David Simpkins,4442209
SINCITY BUCKEYE,4819647
Girish Patel,4543508
O'LeYong,5256917
Karindag,635984
mystiquehairstudiolv,4605629
Nanisse,2830276
gags58,4633327
HULKCITY,4622907
gapullis,3454154
StefVIS,4091672
Marvelless Mark Kamp Las Vegas,4711706
JasonWi,314109
Marc_Sz,4725867
sylviaundpaul,4434168
skydentalvegas,4784165
PatrickMast,5477286
eisenbergtax,4802040
pouchon70,2266943
Claumires,4801391
Karim Ccres,4146032
UnitedGD,4825054
Hodaya Tal Almkiass,4286002
brianckeegan,4831984
BootyBoxxx Las Vegas Escorts,4846922
hmpfgnrrr,242551
spotlightfilm,4897805
prudential,4907571
Ranterbul,4909988
zwordfish,4913823
monena41,4633898
Guillermo Negrón,4921198
eccosignsnv,4957725
Stewart maps,4961266
Viet Nguyen (OB),4974876
Jesse Baker,4539274
cashkingdomloans,4995379
tomsawyer1417,3792373
veniciajewelers,4999172
allstateinsur,5004128
carpaul,5005341
Sean Mahoney,4989214
TSLclick,5008312
mferg02,5014608
Seac,5018924
Facão-Senzala,4308146
brothersbuilding,5041409
???,4971987
elyellabeautysalon,5062608
RaDragon,5066010
Nathan Sloan,5066734
ELadner,22925
understan,5085032
ynotgiant,5115630
azautopartslv,5120513
pbarnettlawnv,5120989
divineeatery,5122076
Monza702,5135413
jandkinternat,5135476
Dyerom,5164984
Andrew Matheny,3265371
David DeGraw,5184142
kestrel325is,5184687
CeeBee123,5185265
Joggel_1,5196659
KagatoSama,5201499
MutatiohN,5201838
YUIK123,5202674
Redogre,5166877
radman_,5205347
KING KASHIER,5206524
Blurrr,5202458
El Sombrero Mexican Bistro,5231883
rachellouise,4480908
chevyshopinc,5281070
performanced,5282361
DirtyDp,5215575
Smallholls,5298269
Integrity Taekwondo Studios,5299125
allstatenv,5310998
G Alexander,4525930
banjax,158358
postchaos,5349640
gundersonlawgroupnevada,5353556
gescomlasvegas,5371003
JohnHovercraft,5186251
Drellyb,5399216
Michael J Fine,5452333
LeanneForLove,5218073
BRJenkins,5456746
driveassistant,3698411
Move It,5450533
DillerDude,4321130
mjkab108,5507826
j4kob123,2020025
Adanzu,5648574
Dero Bike Racks,1996396
Karen Fujiwara,5663252
airinstride321,5678578
twirth,1004928
thefoxiness,5567460
TheLemo,5702167
pezizomycotina,5694297
Christopher Begnoche,605155
Walki81,4579860
McCall Martin,5770025
homer__simpsons,1795336
Solar Pa,5785123
AHTJH,5824234
randcpestcontrol,5917751
marthaleena,5659851
canopinv,6038616
allinwebpro,6039147
ambientedge,6065175
bhavana naga,5677293
preventivepestvega,6069175
rosenlawoff,6070515
BharataHS,706170
Silveradogold,6052901
kungfuplazanv,6098700
oormilavinod,5438123
thepogreb,3097980
???,6215643
Glassman,447903
bekindbailbond,6249753
Fa7C0N,4148813
poornibadrinath,1597155
Ter Agi,6270356
muziriana,6058023
ashleyannmathew,4994101
balrog-kun,20587
DaveHansenTiger,7168
bot-mode,451693
nammala,3479270
Pavel Leontiev,2578805
usche,76856
dforsi,24126
NZGraham,1224467
williamsmdr,1200297
Mangolime,672155
Shaurya Jha,4070521
MatthewAnderson707,818552
radnaj,13135
abarton,2557601
Athalis,2540799
setti,1173879
DHus,5294536
i16keni,4301142
Marex,23105
ulfl,6975
PA94,45027
rbuch703,687237
floscher,470034
Gehrke,14002
?ukasz Dudek,3892001
wolfgang8741,307520
GibaGambagorte,3960159
David De Ford,2896100
Jose Alberto Franco,4380141
Daeron,38239
WorstFixer,678132
wandsecacher,368215
Eureka gold,532783
Piskvor,718054
ChrissW-R1,251543
Zazzmatazz,3258663
nyuriks,339581
Pmz,4363
dannykath_labuildings,3851440
MattBlack85,2056689
Nevadabiscuit,2478322
Mathbau,69102
Head,25504
GerdP,533465
Med,88164
lks1[konto usuni?te],1911765
florinbadita_telenav,2959379
Diane Muniz,4793966
Hubii,3152286
EMccutchan,638117
BrockW,2678730
Bridger,2147
Amabong,4684878
Derick Rethans,37137
Frog23,335601
sabas88,454589
BFX,408202
Little Brother,1694420
mapsinE3,249634
flofanse,1410107
Jake Strine,1832883
pyram,497849
Judit Solsona,4221563
pcwang,4798958
rowers2,2445224
mirus_era,5852390
Christophe Garreau,2046201
rza31,2137840
samely_labuildings,3851545
Kurly,967832
aceman444,1617449
thestanley1,4607557
gregkbarnes,5337449
ScottWerkema,3214183
HattoriHanzo,718617
pschonmann,5748
MattyPotatty,6126973
Aury88,579545
jc67,1962477
Jay Boyer,1769930
rmikke,69607
ninjamask,527721
Johnny Mapperseed,1723055
B-rock,902646
ARDrive,4183701
moren,44312
litonita,1909131
Boomtown,2037520
rrrbx,3055474
AndersAndersson,113813
hybridOL,2344498
userb5418,5101521
homeslice60148,365944
Penguinolog,448653
Bickair,4804371
uberkosto,4537892
Robocat18,3231072
UlPe,377667
411 Locals,3592705
SJFriedl,2709708
aluka,16330
Bullroarer,505667
3yoda,632378
svedbox,2792617
Knarvel,275198
Jacob Simmons,4088119
gecho111,1711409
Cameron Belt,6139504
KR-KRKR-KR,4847896
